{
  "gene_wise_pcc": 0.0005959554691798985,
  "spot_wise_pcc": 0.7964930534362793,
  "top_hvg_pcc": 0.0006325210561044514,
  "marker_gene_pcc": NaN,
  "marker_hit_genes": [],
  "n_query_spots": 2277,
  "n_genes": 3467,
  "top_hvg_n": 1000,
  "pred_mean_gene_std_across_spots": 0.00012034980318276212,
  "true_mean_gene_std_across_spots": 0.20036819577217102,
  "pred_mean_spot_std_across_genes": 0.3181624114513397,
  "true_mean_spot_std_across_genes": 0.42195162177085876
}