{
  "gene_wise_pcc": 0.0255744569003582,
  "spot_wise_pcc": 0.03840571641921997,
  "top_hvg_pcc": 0.03529582917690277,
  "marker_gene_pcc": NaN,
  "marker_hit_genes": [],
  "n_query_spots": 2277,
  "n_genes": 1888,
  "top_hvg_n": 1000,
  "pred_mean_gene_std_across_spots": 0.15024803578853607,
  "true_mean_gene_std_across_spots": 0.827144205570221,
  "pred_mean_spot_std_across_genes": 0.16753894090652466,
  "true_mean_spot_std_across_genes": 0.8591163754463196
}